date,event_count,goldstein_weighted_sum,avg_goldstein,avg_tone,article_count,corridor
2019-05-19,1,-10.0,-10.0,-2.52707581227437,1,hormuz
2019-05-20,1,-10.0,-10.0,-6.09137055837563,1,hormuz
2019-06-24,,,,-3.7032204186022204,2,hormuz
2019-07-10,,,,-3.09253638044382,2,hormuz
2019-07-12,,,,-3.9451114922813,1,hormuz
2019-07-21,2,-14.4,-7.2,-4.64767616191904,1,hormuz
2026-02-12,,,,-10.3404791929382,1,hormuz
2026-02-17,3,-21.6,-7.2,0.37877389260175476,3,hormuz
2026-02-20,,,,0.10112364391513487,3,hormuz
2026-02-23,,,,-0.405561993047509,1,hormuz
2026-02-24,,,,-4.76190476190476,1,hormuz
2026-02-26,,,,-1.23456790123457,1,hormuz
2026-02-27,,,,-1.40845070422535,1,hormuz
2026-02-28,1,-10.0,-10.0,-3.92016207636114,3,hormuz
2026-03-01,,,,-5.2810509953069475,11,hormuz
2026-03-02,,,,-5.066035396075005,7,hormuz
2026-03-03,,,,-5.8849420440978655,2,hormuz
2026-03-04,,,,-2.9009595674270643,5,hormuz
2026-03-05,,,,-4.441855189959347,3,hormuz
2026-03-07,1,-10.0,-10.0,-1.550693489940412,29,hormuz
2026-03-08,5,-50.0,-10.0,-2.134618396924668,18,hormuz
2026-03-09,,,,-4.708304107518602,5,hormuz
2026-03-10,,,,-3.979847861329343,3,hormuz
2026-03-11,,,,-4.571523322198858,4,hormuz
2026-03-12,,,,-5.31047710916769,13,hormuz
2026-03-13,,,,-4.910434750580115,2,hormuz
2026-03-14,,,,-1.59574468085106,1,hormuz
2026-03-15,,,,-5.38589004493657,3,hormuz
2026-03-16,2,-17.2,-8.6,-4.091683124736718,4,hormuz
2026-03-17,,,,-3.5434059162495477,4,hormuz
2026-03-18,3,-21.6,-7.2,-3.5663612452125735,3,hormuz
2026-03-19,,,,-5.547900996921007,4,hormuz
2026-03-20,,,,-5.7664812706283195,13,hormuz
2026-03-21,,,,-6.15866388308977,2,hormuz
2026-03-22,,,,-1.3262599469496,1,hormuz
2026-03-23,,,,-6.954904111750392,43,hormuz
2026-03-24,,,,-0.29852709852709913,6,hormuz
2026-03-25,,,,-4.905488233272909,27,hormuz
2026-03-26,,,,-3.3683677622517734,3,hormuz
2026-03-27,,,,-4.1816332677113115,146,hormuz
2026-03-28,,,,0.11371682135500766,9,hormuz
2026-03-29,,,,-1.74793008279669,1,hormuz
2026-03-30,,,,-1.9641532508193573,8,hormuz
2026-03-31,,,,-6.39286296647116,3,hormuz
2026-04-01,,,,-1.70209240250085,2,hormuz
2026-04-02,,,,-2.8378815134710518,23,hormuz
2026-04-03,,,,-3.263745407774783,6,hormuz
2026-04-04,,,,-5.522910006780975,2,hormuz
2026-04-05,,,,-2.23820943245404,1,hormuz
2026-04-06,1,-6.5,-6.5,-3.730415880567635,2,hormuz
2026-04-08,,,,-7.14285714285714,1,hormuz
2026-04-09,,,,-2.123536632687665,3,hormuz
2026-04-10,,,,-3.5110564206058337,5,hormuz
2026-04-11,2,-18.0,-9.0,-2.588371467351853,31,hormuz
2026-04-13,,,,-4.6692518904551195,4,hormuz
2026-04-14,,,,-4.36890312556563,3,hormuz
2026-04-15,,,,-3.744279176201375,2,hormuz
2026-04-17,,,,-4.80427046263345,1,hormuz
2026-04-18,,,,-4.28571428571428,1,hormuz
2026-04-19,,,,-5.0017044706948735,6,hormuz
2026-04-20,,,,-2.3646745531827698,2,hormuz
2026-04-21,,,,-3.5182267716546307,4,hormuz
2026-04-22,,,,-2.736334984140332,6,hormuz
2026-04-23,,,,-5.495734278200952,4,hormuz
2026-04-25,,,,-4.178514822802186,55,hormuz
2026-04-26,,,,-4.16666666666667,1,hormuz
2026-04-27,,,,-2.14477211796247,1,hormuz
2026-04-28,,,,-1.308264985497537,5,hormuz
2026-04-29,,,,-1.89873417721519,1,hormuz
2026-04-30,,,,-3.92817059483726,1,hormuz
2026-05-02,,,,-0.5179445385778605,5,hormuz
2026-05-03,,,,4.23728813559322,1,hormuz
2026-05-04,,,,-3.786424924345985,2,hormuz
2026-05-05,4,-39.5,-9.875,-1.7494299682413177,4,hormuz
2026-05-07,,,,-2.8775629578721027,4,hormuz
2026-05-08,,,,-4.21216848673947,1,hormuz
2026-05-09,,,,-1.2262981717712615,2,hormuz
2026-05-10,,,,-3.8630377524144,1,hormuz
2026-05-11,,,,-4.211219380020593,4,hormuz
2026-05-12,,,,-4.724358112314657,6,hormuz
2026-05-13,,,,-2.35432607416127,1,hormuz
2026-05-14,,,,-0.206185567010309,1,hormuz
2026-05-15,,,,-7.77262180974478,2,hormuz
2026-05-17,,,,-3.052580853799765,2,hormuz
2026-05-18,,,,-5.729581834241765,2,hormuz
2026-05-19,,,,-3.9710040963110567,3,hormuz
2026-05-21,,,,-3.85321100917431,1,hormuz
2026-05-22,,,,-3.0990681597019103,3,hormuz
2026-05-23,,,,-1.75298804780877,1,hormuz
2026-05-24,,,,-0.9589340323285298,2,hormuz
2026-05-25,,,,-2.9336693113185497,2,hormuz
2026-05-27,,,,-3.14430095451993,1,hormuz
2026-06-01,,,,-3.185432391522415,8,hormuz
2026-06-02,,,,-2.78481012658228,2,hormuz
2026-06-15,,,,-1.5752459181194198,3,hormuz
2026-06-16,,,,-1.508033843758903,3,hormuz
2026-06-18,,,,-0.26246719160105,1,hormuz
2026-06-19,,,,-3.18640467339352,1,hormuz
2026-06-24,,,,-1.5383888529499399,2,hormuz
2026-06-26,1,-10.0,-10.0,-4.407755460493105,2,hormuz
2026-06-29,,,,-2.36266981689309,1,hormuz
2026-06-30,,,,-1.84080449974433,1,hormuz
2026-07-01,,,,-1.17647058823529,1,hormuz
2026-07-05,,,,-1.96592398427261,1,hormuz
2026-07-07,,,,-2.043557721652926,5,hormuz
2026-07-08,,,,-3.348802210754165,6,hormuz
2026-07-09,,,,-3.5815309681780367,3,hormuz
2026-07-10,,,,-4.36241610738255,1,hormuz
2026-07-11,,,,-2.83505154639175,1,hormuz
2026-07-13,,,,-0.505050505050505,1,hormuz
2026-07-15,5,-47.2,-9.440000000000001,-4.0510591445530135,3,hormuz
2026-07-16,,,,-0.033343606541472615,15,hormuz
2026-07-17,,,,-2.645246280733261,2,hormuz
2026-07-18,1,-10.0,-10.0,-4.17900027632868,2,hormuz
2026-07-20,,,,-1.25490196078431,1,hormuz
2026-07-21,3,-30.0,-10.0,-5.160694134317925,2,hormuz
2026-07-22,6,-60.0,-10.0,-2.604502063275513,3,hormuz
2026-07-24,1,-10.0,-10.0,-4.17972831765935,3,hormuz
2026-07-26,,,,-0.130718954248366,1,hormuz
2026-07-27,,,,-4.80332829046899,1,hormuz
2026-07-28,,,,-2.00729927007299,1,hormuz
2026-07-29,,,,-3.0655737704918,1,hormuz
2026-08-02,,,,-2.97297297297297,1,hormuz
2026-08-03,2,-20.0,-10.0,-4.00890868596882,1,hormuz
2026-08-05,,,,-2.28571428571429,2,hormuz
2026-08-08,,,,-1.83206106870229,1,hormuz
2026-08-11,2,-14.5,-7.25,-2.71066588096641,1,hormuz
2026-08-17,,,,-4.32868672046955,1,hormuz
2026-08-18,1,-10.0,-10.0,-5.052586240209607,7,hormuz
2026-08-20,,,,0.826446280991735,1,hormuz
2026-08-22,,,,-2.86760219646126,3,hormuz
2023-09-01,1,-7.2,-7.2,-0.14914404468266818,147,red_sea
2023-09-02,1,-10.0,-10.0,0.07875911263489685,96,red_sea
2023-09-03,4,-40.0,-10.0,0.5865319288481324,112,red_sea
2023-09-04,1,-10.0,-10.0,-0.12245532192951941,168,red_sea
2023-09-05,4,-34.2,-8.549999999999999,-0.774289302856968,164,red_sea
2023-09-06,2,-12.2,-6.1,0.5389183738768106,161,red_sea
2023-09-07,,,,0.8489353470468199,138,red_sea
2023-09-08,,,,2.2753317130808175,196,red_sea
2023-09-09,1,-10.0,-10.0,2.4591021554791017,189,red_sea
2023-09-10,2,-17.2,-8.6,1.7323033836312054,200,red_sea
2023-09-11,2,-20.0,-10.0,1.5782328232980163,209,red_sea
2023-09-12,2,-20.0,-10.0,0.5991847542297207,142,red_sea
2023-09-13,1,-6.5,-6.5,-0.48626452768469053,328,red_sea
2023-09-14,6,-59.0,-9.833333333333334,-0.10274540875499685,223,red_sea
2023-09-15,2,-17.2,-8.6,-0.7297464905555526,145,red_sea
2023-09-16,3,-29.2,-9.733333333333333,-1.512669870183433,114,red_sea
2023-09-17,3,-23.0,-7.666666666666666,-2.0081879500784,132,red_sea
2023-09-18,5,-50.0,-10.0,0.42625826611689477,165,red_sea
2023-09-19,17,-141.5,-8.323529411764707,0.35074372876448734,166,red_sea
2023-09-20,5,-45.0,-9.0,0.8028945901546518,146,red_sea
2023-09-21,6,-35.2,-5.866666666666667,1.8571892369895886,165,red_sea
2023-09-22,1,-9.0,-9.0,1.2145262253995008,162,red_sea
2023-09-23,,,,2.119557246093941,117,red_sea
2023-09-24,,,,0.4045889953789194,150,red_sea
2023-09-25,,,,1.3189522055263634,181,red_sea
2023-09-26,,,,1.1236824211389058,181,red_sea
2023-09-27,3,-27.5,-9.166666666666666,-0.38448552456494933,186,red_sea
2023-09-28,2,-20.0,-10.0,1.2719091973001553,168,red_sea
2023-09-29,1,-10.0,-10.0,1.167684368424156,130,red_sea
2023-09-30,2,-20.0,-10.0,0.7456368058566557,81,red_sea
2023-10-01,,,,1.5777576638951167,116,red_sea
2023-10-02,1,-10.0,-10.0,1.462452796148358,143,red_sea
2023-10-03,,,,1.3573328187153457,136,red_sea
2023-10-04,8,-73.5,-9.1875,0.4282898668167242,187,red_sea
2023-10-05,5,-50.0,-10.0,0.0542728546363328,150,red_sea
2023-10-06,,,,0.30927059910543037,107,red_sea
2023-10-07,1,-10.0,-10.0,0.510783557458867,132,red_sea
2023-10-08,2,-20.0,-10.0,-1.0799818025490475,192,red_sea
2023-10-09,4,-36.2,-9.05,-1.239916067238473,273,red_sea
2023-10-10,10,-86.1,-8.61,-0.10706536255553101,218,red_sea
2023-10-11,1,-10.0,-10.0,0.7903662499893026,130,red_sea
2023-10-12,8,-78.0,-9.75,-0.04809969099195782,213,red_sea
2023-10-13,6,-58.0,-9.666666666666666,0.8695973999283666,161,red_sea
2023-10-14,,,,1.7279398670664026,168,red_sea
2023-10-15,,,,-2.1179375265359432,234,red_sea
2023-10-16,4,-40.0,-10.0,-0.3959876684788469,187,red_sea
2023-10-17,11,-87.0,-7.909090909090909,-0.09635045433518663,321,red_sea
2023-10-18,17,-155.0,-9.117647058823529,-0.45821330424052575,305,red_sea
2023-10-19,28,-265.79999999999995,-9.492857142857144,-2.563407566271939,427,red_sea
2023-10-20,85,-833.9,-9.810588235294118,-4.221875977592036,857,red_sea
2023-10-21,30,-299.5,-9.983333333333333,-2.9269827986699406,249,red_sea
2023-10-22,24,-232.2,-9.675,-2.4688996649628288,324,red_sea
2023-10-23,43,-422.2,-9.81860465116279,-2.122071025868061,401,red_sea
2023-10-24,10,-93.0,-9.3,-1.9428686071019627,506,red_sea
2023-10-25,5,-45.0,-9.0,-2.0317860914315906,283,red_sea
2023-10-26,11,-99.1,-9.00909090909091,-2.3414774082060554,233,red_sea
2023-10-27,60,-569.0999999999999,-9.485000000000001,-5.095567654993532,1238,red_sea
2023-10-28,15,-147.2,-9.813333333333334,-3.7140039930309086,359,red_sea
2023-10-29,7,-69.0,-9.857142857142858,-1.8513873522818598,200,red_sea
2023-10-30,7,-63.7,-9.1,-2.3497969690636293,382,red_sea
2023-10-31,61,-597.9,-9.801639344262297,-4.842338997889034,1188,red_sea
2023-11-01,110,-1065.9,-9.690000000000001,-4.4346273309087465,1285,red_sea
2023-11-02,16,-142.2,-8.887500000000001,-2.8437720380147034,337,red_sea
2023-11-03,4,-31.0,-7.75,-0.9981327336901455,315,red_sea
2023-11-04,4,-40.0,-10.0,-1.5029869677485923,162,red_sea
2023-11-05,7,-70.0,-10.0,-0.5710839840241138,173,red_sea
2023-11-06,12,-115.0,-9.583333333333332,-1.3665434126135092,356,red_sea
2023-11-07,9,-83.7,-9.3,-2.8453344930424795,360,red_sea
2023-11-08,8,-79.5,-9.9375,-1.3272686703792769,231,red_sea
2023-11-09,32,-310.0,-9.687500000000002,-2.833536066032985,428,red_sea
2023-11-10,29,-272.1,-9.382758620689655,-3.557452611183908,817,red_sea
2023-11-11,5,-50.0,-10.0,-2.4652793284336267,262,red_sea
2023-11-12,7,-69.0,-9.857142857142858,-1.325131914795676,235,red_sea
2023-11-13,6,-44.2,-7.366666666666666,-0.7283315618351524,248,red_sea
2023-11-14,19,-189.5,-9.973684210526315,-1.9161721676890429,267,red_sea
2023-11-15,40,-396.09999999999997,-9.9025,-3.1535507825622453,467,red_sea
2023-11-16,36,-349.8,-9.716666666666667,-1.6392112125193714,289,red_sea
2023-11-17,16,-160.0,-10.0,-0.5704185008089062,185,red_sea
2023-11-18,6,-60.0,-10.0,-0.12378980734290623,112,red_sea
2023-11-19,38,-367.0,-9.657894736842108,-3.4814494799588123,1016,red_sea
2023-11-20,72,-651.6,-9.049999999999997,-4.320628866828558,1336,red_sea
2023-11-21,38,-360.6,-9.489473684210527,-3.551055436710076,723,red_sea
2023-11-22,29,-269.0,-9.275862068965518,-2.9923537652329935,437,red_sea
2023-11-23,80,-780.9,-9.761250000000004,-4.2445888369778855,687,red_sea
2023-11-24,19,-188.0,-9.894736842105264,-1.330476096745328,221,red_sea
2023-11-25,8,-75.2,-9.4,-4.386819658805376,603,red_sea
2023-11-26,23,-217.0,-9.43478260869565,-3.773577241699673,541,red_sea
2023-11-27,43,-388.2,-9.027906976744186,-3.3383257460603644,737,red_sea
2023-11-28,17,-143.8,-8.458823529411763,-1.310062765494593,303,red_sea
2023-11-29,28,-271.0,-9.678571428571429,-1.5929678389931674,410,red_sea
2023-11-30,52,-482.1,-9.271153846153846,-2.407008840640418,624,red_sea
2023-12-01,16,-150.0,-9.375,-0.46590090686080965,307,red_sea
2023-12-02,3,-30.0,-10.0,0.47102633841833597,174,red_sea
2023-12-03,201,-1959.9,-9.750746268656718,-5.307442543267122,1743,red_sea
2023-12-04,248,-2431.7,-9.805241935483872,-4.766613620234516,2586,red_sea
2023-12-05,97,-938.8,-9.678350515463917,-2.784556423926992,977,red_sea
2023-12-06,75,-726.7,-9.689333333333336,-3.232199946782043,702,red_sea
2023-12-07,69,-602.6999999999999,-8.734782608695651,-2.851049651083656,679,red_sea
2023-12-08,25,-243.0,-9.72,-1.990361158269022,477,red_sea
2023-12-09,26,-237.0,-9.115384615384615,-3.0897895743940658,421,red_sea
2023-12-10,83,-801.4,-9.655421686746989,-5.016106792521316,958,red_sea
2023-12-11,63,-598.5,-9.500000000000002,-3.0794969668694634,556,red_sea
2023-12-12,101,-977.4000000000001,-9.67722772277228,-4.15012766024523,1531,red_sea
2023-12-13,98,-938.4000000000001,-9.575510204081635,-3.8430340942839267,927,red_sea
2023-12-14,75,-691.4,-9.218666666666666,-3.194667556948245,952,red_sea
2023-12-15,170,-1560.6000000000004,-9.179999999999998,-4.433103857896758,2217,red_sea
2023-12-16,292,-2821.4,-9.662328767123286,-4.6133739966002265,1871,red_sea
2023-12-17,213,-2065.3,-9.696244131455401,-4.359815134616024,1345,red_sea
2023-12-18,260,-2524.5,-9.709615384615384,-3.5465159898242415,3332,red_sea
2023-12-19,382,-3666.8,-9.598952879581152,-3.226210321388807,5228,red_sea
2023-12-20,203,-1926.8000000000004,-9.491625615763548,-2.9904119167641108,3271,red_sea
2023-12-21,136,-1288.1,-9.471323529411768,-2.563577746994205,2745,red_sea
2023-12-22,177,-1690.4,-9.550282485875705,-2.622277103905698,2252,red_sea
2023-12-23,132,-1258.8,-9.536363636363635,-3.3095366567042404,1756,red_sea
2023-12-24,255,-2430.7,-9.532156862745095,-3.8863078045774713,1891,red_sea
2023-12-25,140,-1368.2,-9.772857142857145,-2.8496680127732827,1371,red_sea
2023-12-26,175,-1671.4,-9.550857142857138,-4.98834085825726,3425,red_sea
2023-12-27,236,-2283.0,-9.673728813559322,-3.514748266268395,2564,red_sea
2023-12-28,109,-1064.5,-9.766055045871562,-3.097117781523823,1803,red_sea
2023-12-29,130,-1248.0,-9.599999999999998,-3.3859218526076327,1933,red_sea
2023-12-30,91,-886.5,-9.741758241758241,-2.972175150130416,864,red_sea
2023-12-31,375,-3683.4000000000005,-9.822400000000004,-4.879807400222678,3020,red_sea
2024-01-01,296,-2876.2,-9.716891891891892,-4.069057050252755,2186,red_sea
2024-01-02,242,-2329.0000000000005,-9.623966942148764,-3.3279747519172154,2690,red_sea
2024-01-03,224,-2161.3,-9.648660714285715,-3.9057291372757352,2688,red_sea
2024-01-04,211,-2021.7,-9.581516587677722,-4.282518521225326,3363,red_sea
2024-01-05,181,-1736.4,-9.593370165745855,-3.842023881255449,2485,red_sea
2024-01-06,88,-841.0,-9.556818181818183,-4.104729745729615,2576,red_sea
2024-01-07,74,-719.5,-9.722972972972972,-2.8064526081185512,1609,red_sea
2024-01-08,117,-1095.1,-9.359829059829059,-3.1385386042034855,2264,red_sea
2024-01-09,112,-1088.4,-9.717857142857145,-2.9180202896343226,1776,red_sea
2024-01-10,283,-2721.1000000000004,-9.615194346289753,-4.396777451298546,3244,red_sea
2024-01-11,297,-2791.2,-9.397979797979797,-3.700869651631053,3576,red_sea
2024-01-12,837,-7959.299999999998,-9.509318996415772,-4.535857939455057,12360,red_sea
2024-01-13,335,-3194.8,-9.536716417910444,-4.884084435860542,6149,red_sea
2024-01-14,170,-1603.0,-9.429411764705884,-3.98166789235773,2876,red_sea
2024-01-15,443,-4298.0,-9.702031602708796,-3.720987965964821,5317,red_sea
2024-01-16,349,-3349.8,-9.598280802292265,-3.8128634262938337,5837,red_sea
2024-01-17,261,-2500.4,-9.580076628352492,-4.185265863541274,5630,red_sea
2024-01-18,337,-3276.2,-9.72166172106825,-3.9625617831031166,5156,red_sea
2024-01-19,281,-2711.9,-9.650889679715306,-3.779828216854313,3876,red_sea
2024-01-20,115,-1085.4,-9.438260869565216,-4.593568041926606,2616,red_sea
2024-01-21,100,-977.7,-9.777000000000003,-3.2292859769182156,1766,red_sea
2024-01-22,124,-1192.1999999999998,-9.614516129032257,-3.2217234228682363,3691,red_sea
2024-01-23,239,-2274.3999999999996,-9.516317991631798,-3.7463890066380543,4319,red_sea
2024-01-24,191,-1825.3,-9.556544502617802,-3.2020158239827206,3057,red_sea
2024-01-25,183,-1771.2,-9.678688524590164,-2.9725455329166746,2143,red_sea
2024-01-26,151,-1420.8,-9.40927152317881,-3.4823853314152093,2767,red_sea
2024-01-27,174,-1677.7,-9.641954022988509,-3.5098712686967164,2470,red_sea
2024-01-28,125,-1184.5,-9.476000000000003,-4.217439445229949,1877,red_sea
2024-01-29,126,-1226.4,-9.733333333333334,-4.336099075985889,3168,red_sea
2024-01-30,132,-1283.9,-9.726515151515153,-3.649699205596564,2710,red_sea
2024-01-31,261,-2528.9000000000005,-9.689272030651342,-3.0871651170662777,3346,red_sea
2024-02-01,226,-2200.9,-9.73849557522124,-3.5067744228104525,3402,red_sea
2024-02-02,145,-1379.4,-9.513103448275862,-3.298516547291489,2318,red_sea
2024-02-03,142,-1386.4,-9.763380281690141,-4.33582750222584,2589,red_sea
2024-02-04,228,-2186.1000000000004,-9.588157894736838,-4.26782405589929,3699,red_sea
2024-02-05,117,-1112.6,-9.50940170940171,-3.3555337529258575,3483,red_sea
2024-02-06,185,-1778.1000000000001,-9.611351351351354,-3.594805280278285,2741,red_sea
2024-02-07,138,-1349.0,-9.775362318840578,-3.2805935962294583,2019,red_sea
2024-02-08,102,-942.4000000000004,-9.239215686274509,-2.5046792927862134,1989,red_sea
2024-02-09,68,-661.2,-9.723529411764703,-2.3694227293923635,1629,red_sea
2024-02-10,35,-331.2,-9.46285714285714,-2.261579234875091,945,red_sea
2024-02-11,40,-382.4,-9.560000000000002,-2.7014674753199293,859,red_sea
2024-02-12,106,-1028.7,-9.704716981132073,-2.7511549778059843,1699,red_sea
2024-02-13,61,-582.9,-9.555737704918032,-2.4359025072092555,1204,red_sea
2024-02-14,62,-590.0,-9.516129032258064,-2.430957343856413,1111,red_sea
2024-02-15,91,-887.0999999999999,-9.74835164835165,-2.5331831719931057,1570,red_sea
2024-02-16,82,-806.5,-9.835365853658535,-2.3949580590839554,1087,red_sea
2024-02-17,85,-832.4,-9.792941176470588,-2.323774541138003,1023,red_sea
2024-02-18,66,-636.0999999999999,-9.637878787878787,-2.889483492262471,750,red_sea
2024-02-19,164,-1578.0,-9.621951219512194,-3.0366578166192255,2347,red_sea
2024-02-20,132,-1268.6000000000001,-9.61060606060606,-2.5245948452886675,1981,red_sea
2024-02-21,118,-1160.0,-9.83050847457627,-2.7191972244097316,1762,red_sea
2024-02-22,150,-1357.8000000000002,-9.052000000000001,-3.0012837802765002,1970,red_sea
2024-02-23,132,-1138.4,-8.624242424242425,-2.712706944980289,1462,red_sea
2024-02-24,107,-1057.5,-9.883177570093457,-3.7632916020146405,1044,red_sea
2024-02-25,126,-1222.4,-9.7015873015873,-3.4646390848118074,1519,red_sea
2024-02-26,118,-1141.5,-9.67372881355932,-2.613071837130992,1400,red_sea
2024-02-27,85,-808.1999999999999,-9.508235294117647,-2.189840720961878,1664,red_sea
2024-02-28,208,-2017.1999999999998,-9.698076923076918,-2.555300391640172,1780,red_sea
2024-02-29,92,-883.2999999999998,-9.60108695652174,-2.0642192906484387,1145,red_sea
2024-03-01,59,-561.7,-9.520338983050845,-2.32855268208685,922,red_sea
2024-03-02,70,-682.2,-9.745714285714287,-3.8280643291389342,1315,red_sea
2024-03-03,88,-832.6,-9.461363636363638,-3.996042808535272,1154,red_sea
2024-03-04,78,-755.0,-9.679487179487177,-3.082450503753117,1328,red_sea
2024-03-05,105,-1019.7,-9.711428571428572,-3.585882098460767,1555,red_sea
2024-03-06,133,-1291.6000000000001,-9.711278195488719,-4.040322682784604,2143,red_sea
2024-03-07,181,-1778.7,-9.82707182320442,-4.0992278562986755,1902,red_sea
2024-03-08,78,-765.9,-9.81923076923077,-1.7911948773375552,1164,red_sea
2024-03-09,134,-1310.0,-9.776119402985076,-3.5533275837197555,1125,red_sea
2024-03-10,85,-837.7,-9.855294117647063,-2.4059142179573554,597,red_sea
2024-03-11,54,-507.0,-9.38888888888889,-2.0200222606178566,927,red_sea
2024-03-12,119,-1155.0,-9.705882352941176,-3.224984098400274,1303,red_sea
2024-03-13,88,-836.0,-9.500000000000004,-2.1194691838684867,956,red_sea
2024-03-14,98,-967.2,-9.869387755102046,-2.714212069058002,1480,red_sea
2024-03-15,72,-690.0999999999999,-9.58472222222222,-3.3387116113785633,1587,red_sea
2024-03-16,79,-753.3,-9.535443037974682,-3.2961513492758394,826,red_sea
2024-03-17,85,-816.3,-9.603529411764704,-3.56374739852534,955,red_sea
2024-03-18,46,-438.2,-9.526086956521741,-1.4028595565554853,755,red_sea
2024-03-19,41,-402.5,-9.817073170731708,-2.019007353303791,938,red_sea
2024-03-20,45,-430.5,-9.566666666666666,-2.4116252862470167,1089,red_sea
2024-03-21,38,-361.0,-9.5,-1.3105942562505006,1223,red_sea
2024-03-22,36,-348.4,-9.677777777777777,-2.0347490621718167,877,red_sea
2024-03-23,55,-524.9,-9.543636363636365,-2.964871185320235,699,red_sea
2024-03-24,86,-815.9,-9.487209302325581,-2.2162672745465044,567,red_sea
2024-03-25,58,-546.4,-9.420689655172415,-1.8376159905577643,631,red_sea
2024-03-26,42,-401.0,-9.54761904761905,-2.0385170265218653,903,red_sea
2024-03-27,44,-419.6,-9.536363636363637,-2.416409890696767,1109,red_sea
2024-03-28,48,-463.0,-9.645833333333334,-1.8214606532840494,877,red_sea
2024-03-29,34,-318.6,-9.370588235294118,-1.8642130496300808,668,red_sea
2024-03-30,13,-126.5,-9.730769230769232,-1.7447359978358457,368,red_sea
2024-03-31,18,-171.5,-9.527777777777779,-1.6512609899906558,339,red_sea
2024-04-01,45,-440.0,-9.777777777777779,-2.9455916095993167,828,red_sea
2024-04-02,36,-355.7,-9.880555555555555,-2.5141505363226573,1247,red_sea
2024-04-03,39,-372.2,-9.543589743589743,-2.337830998733048,1025,red_sea
2024-04-04,37,-340.4,-9.200000000000001,-2.77100632591453,920,red_sea
2024-04-05,37,-347.09999999999997,-9.381081081081083,-2.6132265243800474,638,red_sea
2024-04-06,15,-148.0,-9.866666666666667,-3.915036667808304,566,red_sea
2024-04-07,44,-433.0,-9.840909090909092,-4.086825636493911,594,red_sea
2024-04-08,45,-443.0,-9.844444444444443,-2.715269421749055,707,red_sea
2024-04-09,23,-220.7,-9.595652173913043,-2.310995959296427,743,red_sea
2024-04-10,45,-440.4,-9.786666666666667,-2.4357762408079418,722,red_sea
2024-04-11,25,-241.0,-9.639999999999999,-1.8850756441688354,639,red_sea
2024-04-12,33,-330.0,-10.0,-2.8309021414180418,615,red_sea
2024-04-13,53,-524.7,-9.9,-3.7739988952317316,833,red_sea
2024-04-14,57,-554.0,-9.719298245614036,-4.804160632827893,1336,red_sea
2024-04-15,50,-460.0,-9.200000000000001,-4.229620314491098,1332,red_sea
2024-04-16,46,-452.0,-9.82608695652174,-3.427491330143682,1123,red_sea
2024-04-17,40,-370.2,-9.255,-2.918331915055374,1182,red_sea
2024-04-18,32,-297.9,-9.309375,-2.4752207846431675,803,red_sea
2024-04-19,25,-244.0,-9.76,-4.0829812804937635,1178,red_sea
2024-04-20,15,-142.2,-9.48,-4.229195466218935,769,red_sea
2024-04-21,10,-100.0,-10.0,-2.00781049404739,398,red_sea
2024-04-22,20,-192.5,-9.625000000000002,-1.8108684719952106,465,red_sea
2024-04-23,16,-152.2,-9.5125,-1.9163390621573775,462,red_sea
2024-04-24,27,-264.2,-9.785185185185187,-1.815871564578732,722,red_sea
2024-04-25,78,-738.7,-9.470512820512822,-2.8360118384549944,1018,red_sea
2024-04-26,44,-423.19999999999993,-9.618181818181819,-2.4144579523036716,566,red_sea
2024-04-27,95,-916.7,-9.64947368421053,-4.260582821179256,765,red_sea
2024-04-28,28,-264.5,-9.446428571428571,-2.150910657234476,372,red_sea
2024-04-29,68,-653.5,-9.61029411764706,-3.3499128532426843,805,red_sea
2024-04-30,83,-785.4000000000001,-9.462650602409637,-2.703436584320458,821,red_sea
2024-05-01,27,-262.7,-9.72962962962963,-2.2254779167864456,586,red_sea
2024-05-02,36,-342.4,-9.511111111111111,-2.428804234419571,569,red_sea
2024-05-03,42,-393.79999999999995,-9.376190476190477,-2.83169660318788,572,red_sea
2024-05-04,18,-162.8,-9.044444444444444,-1.9094335506149929,388,red_sea
2024-05-05,10,-100.0,-10.0,-2.3298246786658057,459,red_sea
2024-05-06,23,-209.0,-9.08695652173913,-2.021084029630366,505,red_sea
2024-05-07,41,-398.0,-9.707317073170733,-1.1823556030573277,629,red_sea
2024-05-08,13,-111.2,-8.553846153846155,-1.123154807098135,469,red_sea
2024-05-09,23,-223.0,-9.695652173913045,-2.3923098027088274,519,red_sea
2024-05-10,14,-136.5,-9.75,-1.5641777529303094,346,red_sea
2024-05-11,10,-90.0,-9.0,-1.4209663723478492,272,red_sea
2024-05-12,11,-104.9,-9.536363636363637,-1.4696026373044713,270,red_sea
2024-05-13,14,-124.4,-8.885714285714286,-0.8630825627174705,449,red_sea
2024-05-14,21,-210.0,-10.0,-1.3240752883842053,610,red_sea
2024-05-15,40,-386.4,-9.659999999999998,-1.9762700155207347,528,red_sea
2024-05-16,33,-320.9,-9.724242424242425,-0.8414641377709208,593,red_sea
2024-05-17,23,-216.60000000000002,-9.417391304347825,-1.793713377435246,403,red_sea
2024-05-18,40,-384.9,-9.622499999999997,-2.8552859979865888,536,red_sea
2024-05-19,20,-197.5,-9.875,-1.2589358114535802,373,red_sea
2024-05-20,24,-232.2,-9.675,-2.0134244300051787,480,red_sea
2024-05-21,25,-248.0,-9.92,-1.7752337935866342,388,red_sea
2024-05-22,17,-156.7,-9.217647058823529,-1.5852425476961145,438,red_sea
2024-05-23,24,-227.2,-9.466666666666669,-3.1812474694649433,548,red_sea
2024-05-24,40,-389.0,-9.725000000000001,-2.46874903320051,522,red_sea
2024-05-25,22,-213.7,-9.713636363636363,-1.3318616291513345,244,red_sea
2024-05-26,10,-100.0,-10.0,-1.4985857998134846,217,red_sea
2024-05-27,21,-204.5,-9.738095238095239,-1.9723969405730304,361,red_sea
2024-05-28,59,-555.2,-9.410169491525423,-1.775538438377106,652,red_sea
2024-05-29,76,-737.6,-9.705263157894736,-2.9265443618129905,899,red_sea
2024-05-30,24,-237.2,-9.883333333333333,-3.1812447062870355,624,red_sea
2024-05-31,110,-1079.8000000000002,-9.816363636363636,-4.286341789978075,1425,red_sea
2024-06-01,40,-387.7,-9.692500000000003,-3.156410351580521,581,red_sea
2024-06-02,32,-319.2,-9.975,-2.964729034517732,504,red_sea
2024-06-03,28,-272.2,-9.721428571428572,-2.372380004020007,672,red_sea
2024-06-04,23,-206.5,-8.978260869565217,-1.2544493942282893,525,red_sea
2024-06-05,27,-238.5,-8.833333333333332,-1.2412434383804534,417,red_sea
2024-06-06,29,-283.0,-9.758620689655173,-2.570861177234317,638,red_sea
2024-06-07,33,-283.4,-8.587878787878788,-3.5952861879982483,738,red_sea
2024-06-08,32,-287.0,-8.96875,-1.8383624709440618,597,red_sea
2024-06-09,34,-340.0,-10.0,-3.7865823363038666,488,red_sea
2024-06-10,19,-190.0,-10.0,-2.61679239714255,344,red_sea
2024-06-11,11,-110.0,-10.0,-2.085189463097929,457,red_sea
2024-06-12,26,-251.5,-9.673076923076922,-2.4291347580196385,660,red_sea
2024-06-13,54,-537.2,-9.948148148148148,-3.9821964711887325,887,red_sea
2024-06-14,99,-957.6999999999999,-9.673737373737374,-3.965470808805344,1024,red_sea
2024-06-15,94,-919.6000000000001,-9.782978723404254,-4.871017648869352,824,red_sea
2024-06-16,81,-790.8,-9.762962962962963,-4.349544028741027,535,red_sea
2024-06-17,86,-845.2,-9.827906976744185,-3.2304572791982946,619,red_sea
2024-06-18,40,-386.0,-9.649999999999999,-2.8397309724800577,522,red_sea
2024-06-19,53,-504.7,-9.522641509433964,-3.9903374971744263,1072,red_sea
2024-06-20,55,-526.6,-9.574545454545454,-3.2814658553531566,734,red_sea
2024-06-21,24,-237.0,-9.875,-2.8774606653448602,454,red_sea
2024-06-22,41,-404.2,-9.858536585365854,-3.2780120147049727,510,red_sea
2024-06-23,91,-877.8,-9.646153846153847,-3.854314975772774,760,red_sea
2024-06-24,51,-497.4,-9.752941176470591,-3.0644219342148364,609,red_sea
2024-06-25,34,-333.0,-9.794117647058824,-1.8807805981275232,371,red_sea
2024-06-26,10,-99.0,-9.9,-1.8037058814970552,482,red_sea
2024-06-27,56,-542.4,-9.685714285714283,-2.0943204374244084,596,red_sea
2024-06-28,44,-425.7,-9.675000000000002,-2.845319256343925,415,red_sea
2024-06-29,42,-410.2,-9.766666666666664,-3.446754405403473,350,red_sea
2024-06-30,24,-218.5,-9.104166666666666,-1.6878158088478281,217,red_sea
2024-07-01,19,-183.60000000000002,-9.663157894736843,-1.550080596854567,343,red_sea
2024-07-02,24,-228.60000000000002,-9.525,-1.7440602607880091,408,red_sea
2024-07-03,34,-310.2,-9.123529411764705,-1.7501176987428766,557,red_sea
2024-07-04,7,-68.4,-9.77142857142857,-0.08204136843079882,315,red_sea
2024-07-05,4,-40.0,-10.0,-1.2198303348724286,309,red_sea
2024-07-06,7,-70.0,-10.0,0.15664849389141516,399,red_sea
2024-07-07,9,-85.0,-9.444444444444445,-1.1878872051692426,293,red_sea
2024-07-08,16,-151.60000000000002,-9.475000000000001,-1.6836535210688695,414,red_sea
2024-07-09,19,-190.0,-10.0,-1.501315647058502,387,red_sea
2024-07-10,18,-173.0,-9.61111111111111,-2.180604013695464,409,red_sea
2024-07-11,23,-214.0,-9.304347826086957,-2.112243153133142,628,red_sea
2024-07-12,30,-295.8,-9.86,-1.7776289447553457,373,red_sea
2024-07-13,20,-197.9,-9.895,-1.0059744240678978,200,red_sea
2024-07-14,15,-146.5,-9.766666666666666,-0.5724119104979891,203,red_sea
2024-07-15,40,-384.2,-9.605,-2.1471593883628217,470,red_sea
2024-07-16,46,-450.9,-9.802173913043479,-3.0173832853060407,658,red_sea
2024-07-17,32,-312.59999999999997,-9.768749999999999,-2.4501799995845377,444,red_sea
2024-07-18,29,-286.09999999999997,-9.86551724137931,-1.8762856484382773,379,red_sea
2024-07-19,29,-262.7,-9.058620689655173,-3.9205537960994494,688,red_sea
2024-07-20,40,-385.7,-9.6425,-2.9836113388883567,680,red_sea
2024-07-21,63,-619.0,-9.825396825396824,-4.739017446035468,1030,red_sea
2024-07-22,53,-499.2,-9.418867924528302,-2.810377843899176,498,red_sea
2024-07-23,30,-288.29999999999995,-9.61,-2.434900563750003,453,red_sea
2024-07-24,28,-270.6,-9.664285714285715,-1.417522215753917,461,red_sea
2024-07-25,17,-161.6,-9.505882352941176,-1.9886325276268548,381,red_sea
2024-07-26,15,-137.2,-9.146666666666667,-1.7492090401774207,251,red_sea
2024-07-27,24,-231.6,-9.65,-1.5547598185496398,321,red_sea
2024-07-28,1,-10.0,-10.0,-1.2547286389131127,122,red_sea
2024-07-29,12,-117.2,-9.766666666666667,-1.9364452442507045,231,red_sea
2024-07-30,14,-140.0,-10.0,-0.9173530988016806,246,red_sea
2024-07-31,19,-173.0,-9.105263157894735,-3.2283959751435076,459,red_sea
2024-08-01,22,-216.6,-9.845454545454547,-2.2644966638136697,467,red_sea
2024-08-02,22,-208.4,-9.472727272727274,-3.318277956484208,482,red_sea
2024-08-03,24,-237.2,-9.883333333333335,-3.126796762556381,387,red_sea
2024-08-04,30,-272.8,-9.093333333333332,-3.990964269253962,345,red_sea
2024-08-05,17,-157.1,-9.241176470588234,-2.7006011255380975,431,red_sea
2024-08-06,27,-247.09999999999997,-9.151851851851854,-2.3588617360912174,506,red_sea
2024-08-07,26,-227.89999999999998,-8.765384615384615,-2.295932737838069,493,red_sea
2024-08-08,22,-207.10000000000002,-9.413636363636364,-2.8271503271932508,508,red_sea
2024-08-09,42,-384.4,-9.152380952380952,-3.2944393584530185,493,red_sea
2024-08-10,18,-154.2,-8.566666666666666,-1.9783061350480886,202,red_sea
2024-08-11,8,-80.0,-10.0,-1.8040242259445747,267,red_sea
2024-08-12,21,-178.7,-8.509523809523811,-1.4351557572994988,269,red_sea
2024-08-13,37,-347.7,-9.397297297297298,-3.6169542876863545,585,red_sea
2024-08-14,20,-186.2,-9.31,-2.895709182795486,542,red_sea
2024-08-15,5,-50.0,-10.0,-1.2339828600136802,304,red_sea
2024-08-16,11,-100.0,-9.090909090909092,-2.1664915112398657,293,red_sea
2024-08-17,7,-63.0,-9.0,-0.931936048087143,138,red_sea
2024-08-18,9,-90.0,-10.0,-1.4250009560145422,187,red_sea
2024-08-19,13,-116.2,-8.938461538461539,-1.3038743001363735,360,red_sea
2024-08-20,10,-100.0,-10.0,-0.9269777897006024,244,red_sea
2024-08-21,36,-356.5,-9.902777777777779,-4.130026514677799,592,red_sea
2024-08-22,76,-746.0,-9.815789473684214,-3.398307093700652,632,red_sea
2024-08-23,38,-356.0,-9.36842105263158,-2.8420416492660383,524,red_sea
2024-08-24,20,-199.5,-9.975,-3.6554866123760976,424,red_sea
2024-08-25,16,-158.0,-9.875,-4.357570215099344,306,red_sea
2024-08-26,43,-409.2,-9.51627906976744,-4.643179807084036,657,red_sea
2024-08-27,44,-403.9,-9.17954545454545,-4.693229244170127,637,red_sea
2024-08-28,46,-442.0,-9.608695652173914,-3.3254829328815942,724,red_sea
2024-08-29,43,-407.7,-9.481395348837207,-2.511122229302186,779,red_sea
2024-08-30,25,-225.5,-9.02,-2.8640556643668256,520,red_sea
2024-08-31,7,-62.4,-8.914285714285715,-3.319300595806942,313,red_sea
