date,corridor,avg_tone,article_volume_pct,conflict_keyword_volume_pct,source
2026-08-16,hormuz,0.0,0,0,public_rss
2026-08-17,hormuz,0.0,0,0,public_rss
2026-08-18,hormuz,0.0,0,0,public_rss
2026-08-19,hormuz,0.0,0,0,public_rss
2026-08-20,hormuz,-10.0,1,1,public_rss
2026-08-21,hormuz,0.0,0,0,public_rss
2026-08-22,hormuz,0.0,0,0,public_rss
2026-08-23,hormuz,0.0,0,0,public_rss
2026-08-16,red_sea,0.0,0,0,public_rss
2026-08-17,red_sea,0.0,0,0,public_rss
2026-08-18,red_sea,0.0,0,0,public_rss
2026-08-19,red_sea,0.0,0,0,public_rss
2026-08-20,red_sea,0.0,0,0,public_rss
2026-08-21,red_sea,0.0,0,0,public_rss
2026-08-22,red_sea,0.0,0,0,public_rss
2026-08-23,red_sea,0.0,0,0,public_rss
2026-08-16,iran_supply,0.0,0,0,public_rss
2026-08-17,iran_supply,0.0,0,0,public_rss
2026-08-18,iran_supply,0.0,0,0,public_rss
2026-08-19,iran_supply,0.0,0,0,public_rss
2026-08-20,iran_supply,0.0,0,0,public_rss
2026-08-21,iran_supply,0.0,0,0,public_rss
2026-08-22,iran_supply,0.0,0,0,public_rss
2026-08-23,iran_supply,0.0,0,0,public_rss
